Workbook

Sheet Lab Work
A1: Instructor | B1: Riaz Ahmed | D1: LLO.No | E1: 1 | F1: 1 | G1: 2 | H1: 2 | I1: 2 | J1: 3 | K1: 3 | L1: 4 | M1: 4 | N1: 4
D2: Eval Date | E2: 46183 | F2: 46183 | G2: 46183 | H2: 46183 | I2: 46183 | J2: 46183 | K2: 46183 | L2: 46183 | M2: 46183 | N2: 46183
B3: Total Wgt | C3: 20 | D3: Weight | E3: 2 | F3: 2 | G3: 2 | H3: 2 | I3: 2 | J3: 2 | K3: 2 | L3: 2 | M3: 2 | N3: 2
A4: Sr. | B4: RollNo | C4: Name | D4: Total Marks | E4: 2 | F4: 2 | G4: 2 | H4: 2 | I4: 2 | J4: 2 | K4: 2 | L4: 2 | M4: 2 | N4: 2
A5: 1 | B5: 23K-0829 | C5: Abdul Mannan | E5: 2 | F5: 2 | G5: 2 | H5: 2 | I5: 2 | J5: 0 | K5: 2 | L5: 2 | M5: 2 | N5: 2
A6: 2 | B6: 24K-0500 | C6: Zaid Ahmed | E6: 2 | F6: 2 | G6: 2 | H6: 2 | I6: 2 | J6: 2 | K6: 2 | L6: 2 | M6: 2 | N6: 2
A7: 3 | B7: 24K-0505 | C7: Muhib Ahmed | E7: 2 | F7: 2 | G7: 2 | H7: 2 | I7: 2 | J7: 2 | K7: 2 | L7: 2 | M7: 2 | N7: 2
A8: 4 | B8: 24K-0522 | C8: Jayesha Yamin | E8: 2 | F8: 2 | G8: 2 | H8: 2 | I8: 2 | J8: 2 | K8: 2 | L8: 2 | M8: 2 | N8: 2
A9: 5 | B9: 24K-0544 | C9: Muhammad Hammad | E9: 2 | F9: 2 | G9: 2 | H9: 2 | I9: 2 | J9: 2 | K9: 2 | L9: 2 | M9: 2 | N9: 2
A10: 6 | B10: 24K-0546 | C10: Ismail Silat | E10: 2 | F10: 2 | G10: 2 | H10: 2 | I10: 2 | J10: 2 | K10: 2 | L10: 2 | M10: 2 | N10: 2
A11: 7 | B11: 24K-0549 | C11: Saad Sohail | E11: 2 | F11: 2 | G11: 2 | H11: 2 | I11: 2 | J11: 2 | K11: 2 | L11: 2 | M11: 2 | N11: 2
A12: 8 | B12: 24K-0559 | C12: Bazil Uddin | E12: 2 | F12: 2 | G12: 2 | H12: 2 | I12: 2 | J12: 2 | K12: 2 | L12: 2 | M12: 2 | N12: 2
A13: 9 | B13: 24K-0576 | C13: Hamza Farhan | E13: 2 | F13: 2 | G13: 2 | H13: 2 | I13: 2 | J13: 2 | K13: 2 | L13: 2 | M13: 2 | N13: 2
A14: 10 | B14: 24K-0578 | C14: Ali Hussain | E14: 2 | F14: 2 | G14: 2 | H14: 2 | I14: 2 | J14: 2 | K14: 2 | L14: 2 | M14: 2 | N14: 2
A15: 11 | B15: 24K-0580 | C15: Asad Khan | E15: 2 | F15: 2 | G15: 2 | H15: 2 | I15: 2 | J15: 2 | K15: 2 | L15: 2 | M15: 2 | N15: 2
A16: 12 | B16: 24K-0581 | C16: Hammad | E16: 2 | F16: 2 | G16: 2 | H16: 2 | I16: 2 | J16: 2 | K16: 2 | L16: 2 | M16: 2 | N16: 2
... A40: 36 | B40: 24K-0859 | C40: Abdullah | E40: 2 | F40: 2 | G40: 2 | H40: 2 | I40: 2 | J40: 2 | K40: 2 | L40: 2 | M40: 2 | N40: 2
A41: 37 | B41: 24K-0860 | C41: Huzaifa Shahid | E41: 2 | F41: 2 | G41: 2 | I41: 2 | J41: 2 | K41: 2 | L41: 2 | M41: 2 | N41: 2
A42: 38 | B42: 24K-0865 | C42: Lucky | E42: 2 | F42: 2 | G42: 2 | H42: 2 | I42: 2 | J42: 2 | K42: 2 | L42: 2 | M42: 2 | N42: 2
A43: 39 | B43: 24K-0895 | C43: Abdul Majid | E43: 2 | F43: 2 | G43: 2 | H43: 2 | I43: 2 | J43: 2 | K43: 2 | L43: 2 | M43: 2 | N43: 2
A44: 40 | B44: 24K-0908 | C44: Zahra Siddiqui | E44: 2 | F44: 2 | G44: 2 | H44: 2 | I44: 2 | J44: 2 | K44: 2 | L44: 2 | M44: 2 | N44: 2
A45: 41 | B45: 24K-0930 | C45: Arwa Mansoor | E45: 2 | F45: 2 | G45: 2 | H45: 2 | I45: 2 | J45: 2 | K45: 2 | L45: 2 | M45: 2 | N45: 2
A46: 42 | B46: 24K-0977 | C46: Muhammad Abdullah | E46: 2 | F46: 2 | G46: 2 | H46: 2 | I46: 2 | J46: 2 | K46: 2 | L46: 2 | M46: 2 | N46: 2
A47: 43 | B47: 24K-0987 | C47: Jiyanshu Raj | E47: 2 | F47: 2 | G47: 2 | H47: 2 | I47: 2 | J47: 0 | K47: 2 | L47: 2 | M47: 2 | N47: 2
A48: 44 | B48: 24K-1013 | C48: Asad Ahmed | E48: 2 | F48: 2 | G48: 2 | H48: 2 | I48: 2 | J48: 2 | K48: 2 | L48: 2 | M48: 2 | N48: 2
A49: 45 | B49: 24K-1017 | C49: Raza Mustafa | E49: 2 | F49: 2 | G49: 2 | H49: 2 | I49: 2 | J49: 2 | K49: 2 | L49: 2 | M49: 2 | N49: 2
A50: 46 | B50: 24K-1031 | C50: Hassaan Nasir | E50: 2 | F50: 2 | G50: 2 | H50: 2 | I50: 2 | J50: 2 | K50: 2 | L50: 2 | M50: 2 | N50: 2
A51: 47 | B51: 24K-2013 | C51: Simra Wahidi | E51: 2 | F51: 2 | G51: 2 | H51: 2 | I51: 2 | J51: 2 | K51: 2 | L51: 2 | M51: 2 | N51: 2
A52: 48 | B52: 24K-3011 | C52: Maryam | E52: 2 | F52: 2 | G52: 2 | H52: 2 | I52: 2 | J52: 2 | K52: 2 | L52: 2 | M52: 2 | N52: 2
A53: 49 | B53: 24K-3033 | C53: Taha Anwer | E53: 2 | F53: 2 | G53: 2 | H53: 2 | I53: 2 | J53: 2 | K53: 2 | L53: 2 | M53: 2 | N53: 2

Sheet Midterm
A1: Instructor | B1: Riaz Ahmed | D1: LLO.No | E1: 1 | F1: 2 | G1: 3
D2: Eval Date | E2: 46145 | F2: 46145 | G2: 46145
B3: Total Wgt | C3: 20 | D3: Weight | E3: 7 | F3: 7 | G3: 6
A4: Sr. | B4: RollNo | C4: Name | D4: Total Marks | E4: 7 | F4: 7 | G4: 6
A5: 1 | B5: 23K-0829 | C5: Abdul Mannan | E5: 0 | F5: 4 | G5: 3
A6: 2 | B6: 24K-0500 | C6: Zaid Ahmed | E6: 3.5 | F6: 3.5 | G6: 1
A7: 3 | B7: 24K-0505 | C7: Muhib Ahmed | E7: 6.5 | F7: 4.5 | G7: 3
A8: 4 | B8: 24K-0522 | C8: Jayesha Yamin | E8: 5.5 | F8: 5 | G8: 3.5
A9: 5 | B9: 24K-0544 | C9: Muhammad Hammad | E9: 2 | F9: 5 | G9: 5
A10: 6 | B10: 24K-0546 | C10: Ismail Silat | E10: 6.5 | F10: 5 | G10: 4.5
A11: 7 | B11: 24K-0549 | C11: Saad Sohail | E11: 4.5 | F11: 4 | G11: 3.5
A12: 8 | B12: 24K-0559 | C12: Bazil Uddin | E12: 4 | F12: 4.5 | G12: 4
A13: 9 | B13: 24K-0576 | C13: Hamza Farhan | E13: 3 | F13: 3.5 | G13: 3
A14: 10 | B14: 24K-0578 | C14: Ali Hussain | E14: 6 | F14: 4 | G14: 4
A15: 11 | B15: 24K-0580 | C15: Asad Khan | E15: 4 | F15: 4 | G15: 3
A16: 12 | B16: 24K-0581 | C16: Hammad | E16: 7 | F16: 5.5 | G16: 2
... A53: 49 | B53: 24K-3033 | C53: Taha Anwer | E53: 4 | F53: 4 | G53: 4

Sheet Project
A1: Instructor | B1: Riaz Ahmed | D1: LLO.No | E1: 1
D2: Eval Date | E2: 46176
B3: Total Wgt | C3: 10 | D3: Weight | E3: 10
A4: Sr. | B4: RollNo | C4: Name | D4: Total Marks | E4: 10
A5: 1 | B5: 23K-0829 | C5: Abdul Mannan | E5: 10
A6: 2 | B6: 24K-0500 | C6: Zaid Ahmed | E6: 10
A7: 3 | B7: 24K-0505 | C7: Muhib Ahmed | E7: 8
A8: 4 | B8: 24K-0522 | C8: Jayesha Yamin | E8: 7
A9: 5 | B9: 24K-0544 | C9: Muhammad Hammad | E9: 9
A10: 6 | B10: 24K-0546 | C10: Ismail Silat | E10: 8
A11: 7 | B11: 24K-0549 | C11: Saad Sohail | E11: 8
A12: 8 | B12: 24K-0559 | C12: Bazil Uddin | E12: 9
A13: 9 | B13: 24K-0576 | C13: Hamza Farhan | E13: 10
A14: 10 | B14: 24K-0578 | C14: Ali Hussain | E14: 10
A15: 11 | B15: 24K-0580 | C15: Asad Khan | E15: 9
A16: 12 | B16: 24K-0581 | C16: Hammad | E16: 8
... A53: 49 | B53: 24K-3033 | C53: Taha Anwer | E53: 8

Sheet Final Exam
A1: Instructor | B1: Riaz Ahmed | D1: LLO.No | E1: 3 | F1: 2 | G1: 3
D2: Eval Date | E2: 46183 | F2: 46183 | G2: 46183
B3: Total Wgt | C3: 50 | D3: Weight | E3: 15 | F3: 15 | G3: 20
A4: Sr. | B4: RollNo | C4: Name | D4: Total Marks | E4: 15 | F4: 15 | G4: 20
A5: 1 | B5: 23K-0829 | C5: Abdul Mannan | E5: 10 | F5: 11 | G5: 12
A6: 2 | B6: 24K-0500 | C6: Zaid Ahmed | E6: 11 | F6: 12 | G6: 13
A7: 3 | B7: 24K-0505 | C7: Muhib Ahmed | E7: 11 | F7: 13 | G7: 12
A8: 4 | B8: 24K-0522 | C8: Jayesha Yamin | E8: 9 | F8: 11 | G8: 13
A9: 5 | B9: 24K-0544 | C9: Muhammad Hammad | E9: 8 | F9: 14 | G9: 7
A10: 6 | B10: 24K-0546 | C10: Ismail Silat | E10: 12 | F10: 12 | G10: 16
A11: 7 | B11: 24K-0549 | C11: Saad Sohail | E11: 7 | F11: 10 | G11: 11
A12: 8 | B12: 24K-0559 | C12: Bazil Uddin | E12: 12 | F12: 13 | G12: 14
A13: 9 | B13: 24K-0576 | C13: Hamza Farhan | E13: 10 | F13: 12 | G13: 12
A14: 10 | B14: 24K-0578 | C14: Ali Hussain | E14: 9 | F14: 12 | G14: 11
A15: 11 | B15: 24K-0580 | C15: Asad Khan | E15: 9 | F15: 13 | G15: 10
A16: 12 | B16: 24K-0581 | C16: Hammad | E16: 11 | F16: 12 | G16: 13.5
... A53: 49 | B53: 24K-3033 | C53: Taha Anwer | E53: 10 | F53: 15 | G53: 13

Sheet Total Average
A1: Instructor | B1: Riaz Ahmed | D1: LLO.No | E1: 3
D2: Eval Date | E2: 46183
B3: Total Wgt | C3: 50 | D3: Weight | E3: 100
A4: Sr. | B4: RollNo | C4: Name | D4: Total Marks | E4: 100
A5: 1 | B5: 23K-0829 | C5: Abdul Mannan | E5: =SUM('Lab Work'!E5:N5)+SUM(Midterm!E5:G5)+SUM(Project!E5)+SUM('Final Exam'!E5:G5) -> 68
A6: 2 | B6: 24K-0500 | C6: Zaid Ahmed | E6: =SUM('Lab Work'!E6:N6)+SUM(Midterm!E6:G6)+SUM(Project!E6)+SUM('Final Exam'!E6:G6) -> 74
A7: 3 | B7: 24K-0505 | C7: Muhib Ahmed | E7: =SUM('Lab Work'!E7:N7)+SUM(Midterm!E7:G7)+SUM(Project!E7)+SUM('Final Exam'!E7:G7) -> 78
A8: 4 | B8: 24K-0522 | C8: Jayesha Yamin | E8: =SUM('Lab Work'!E8:N8)+SUM(Midterm!E8:G8)+SUM(Project!E8)+SUM('Final Exam'!E8:G8) -> 74
A9: 5 | B9: 24K-0544 | C9: Muhammad Hammad | E9: =SUM('Lab Work'!E9:N9)+SUM(Midterm!E9:G9)+SUM(Project!E9)+SUM('Final Exam'!E9:G9) -> 70
A10: 6 | B10: 24K-0546 | C10: Ismail Silat | E10: =SUM('Lab Work'!E10:N10)+SUM(Midterm!E10:G10)+SUM(Project!E10)+SUM('Final Exam'!E10:G10) -> 84
A11: 7 | B11: 24K-0549 | C11: Saad Sohail | E11: =SUM('Lab Work'!E11:N11)+SUM(Midterm!E11:G11)+SUM(Project!E11)+SUM('Final Exam'!E11:G11) -> 68
A12: 8 | B12: 24K-0559 | C12: Bazil Uddin | E12: =SUM('Lab Work'!E12:N12)+SUM(Midterm!E12:G12)+SUM(Project!E12)+SUM('Final Exam'!E12:G12) -> 80.5
A13: 9 | B13: 24K-0576 | C13: Hamza Farhan | E13: =SUM('Lab Work'!E13:N13)+SUM(Midterm!E13:G13)+SUM(Project!E13)+SUM('Final Exam'!E13:G13) -> 73.5
A14: 10 | B14: 24K-0578 | C14: Ali Hussain | E14: =SUM('Lab Work'!E14:N14)+SUM(Midterm!E14:G14)+SUM(Project!E14)+SUM('Final Exam'!E14:G14) -> 76
A15: 11 | B15: 24K-0580 | C15: Asad Khan | E15: =SUM('Lab Work'!E15:N15)+SUM(Midterm!E15:G15)+SUM(Project!E15)+SUM('Final Exam'!E15:G15) -> 72
A16: 12 | B16: 24K-0581 | C16: Hammad | E16: =SUM('Lab Work'!E16:N16)+SUM(Midterm!E16:G16)+SUM(Project!E16)+SUM('Final Exam'!E16:G16) -> 79
... A53: 49 | B53: 24K-3033 | C53: Taha Anwer | E53: =SUM('Lab Work'!E53:N53)+SUM(Midterm!E53:G53)+SUM(Project!E53)+SUM('Final Exam'!E53:G53) -> 78
